company_name,activity_type,role_count,post_count,priority_score,last_updated
CrowdStrike,both,1,5,3,2025-12-03
Palo Alto Networks,both,1,3,3,2025-12-03
GoodRx,hiring_only,1,0,2,2025-12-03
Delve,hiring_only,1,0,2,2025-12-03
Hive,hiring_only,1,0,2,2025-12-03
Owner,hiring_only,1,0,2,2025-12-03
Meta,hiring_only,1,0,2,2025-12-03
Gallup,hiring_only,1,0,2,2025-12-03
Patelco Credit Union,hiring_only,1,0,2,2025-12-03
Saildrone,hiring_only,1,0,2,2025-12-03
Sendbird,hiring_only,1,0,2,2025-12-03
Airtable,hiring_only,1,0,2,2025-12-03
Anomali,hiring_only,1,0,2,2025-12-03
Zone 5 Technologies,hiring_only,1,0,2,2025-12-03
Rule4,hiring_only,1,0,2,2025-12-03
Virtana,hiring_only,1,0,2,2025-12-03
Integra Connect,hiring_only,1,0,2,2025-12-03
Netflix,hiring_only,1,0,2,2025-12-03
TikTok,hiring_only,1,0,2,2025-12-03
NuHarbor Security,hiring_only,1,0,2,2025-12-03
Happy Returns,hiring_only,1,0,2,2025-12-03
IT EngagementsInc,hiring_only,1,0,2,2025-12-03
Wind River,hiring_only,1,0,2,2025-12-03
Skylight,hiring_only,1,0,2,2025-12-03
Walker & Dunlop,hiring_only,1,0,2,2025-12-03
Stratascale,hiring_only,1,0,2,2025-12-03
Invoke,hiring_only,1,0,2,2025-12-03
Alloy,hiring_only,1,0,2,2025-12-03
Madcap Software,hiring_only,1,0,2,2025-12-03
Morgan Stanley,hiring_only,1,0,2,2025-12-03
Apexon,hiring_only,1,0,2,2025-12-03
Accurate Background,hiring_only,1,0,2,2025-12-03
Applied Intuition,hiring_only,1,0,2,2025-12-03
OpenAI,hiring_only,1,0,2,2025-12-03
Independent Security Evaluators,hiring_only,1,0,2,2025-12-03
ZIRLEN TECHNOLOGIES INCORPORATED,hiring_only,1,0,2,2025-12-03
Quanata,hiring_only,1,0,2,2025-12-03
Dental Intelligence,hiring_only,1,0,2,2025-12-03
Nerdio,hiring_only,1,0,2,2025-12-03
CXM Direct,hiring_only,1,0,2,2025-12-03
NowSecure,hiring_only,1,0,2,2025-12-03
Shopify,hiring_only,1,0,2,2025-12-03
SecurityPal,hiring_only,1,0,2,2025-12-03
Fortinet,hiring_only,1,0,2,2025-12-03
DoorDash USA,hiring_only,1,0,2,2025-12-03
Teledyne Technologies,hiring_only,1,0,2,2025-12-03
KPMG,hiring_only,1,0,2,2025-12-03
Federal Bureau of Investigation,hiring_only,1,0,2,2025-12-03
Fortress Information Security,hiring_only,1,0,2,2025-12-03
Synack,hiring_only,1,0,2,2025-12-03
Contact Government Services,hiring_only,1,0,2,2025-12-03
BakerHostetler,hiring_only,1,0,2,2025-12-03
Control Risks,hiring_only,1,0,2,2025-12-03
Asana,hiring_only,1,0,2,2025-12-03
Figure Lending,hiring_only,1,0,2,2025-12-03
Q Bio,hiring_only,1,0,2,2025-12-03
IMAGINEEER,hiring_only,1,0,2,2025-12-03
Clearway Health,hiring_only,1,0,2,2025-12-03
Ursus,hiring_only,1,0,2,2025-12-03
Foley,hiring_only,1,0,2,2025-12-03
Reveleer,hiring_only,1,0,2,2025-12-03
Quanta Manufacturing Fremont,hiring_only,1,0,2,2025-12-03
NEW CARROT FARMS,hiring_only,1,0,2,2025-12-03
Veracyte,hiring_only,1,0,2,2025-12-03
ponyai,hiring_only,1,0,2,2025-12-03
Coalfire,hiring_only,1,0,2,2025-12-03
Integral,hiring_only,1,0,2,2025-12-03
Center For Internet Security,hiring_only,1,0,2,2025-12-03
SHI International,hiring_only,1,0,2,2025-12-03
ZBeta Consulting,hiring_only,1,0,2,2025-12-03
Trimble,hiring_only,1,0,2,2025-12-03
ADRM,hiring_only,1,0,2,2025-12-03
Rubrik Security Cloud,hiring_only,1,0,2,2025-12-03
Core BTS,hiring_only,1,0,2,2025-12-03
Meriplex,hiring_only,1,0,2,2025-12-03
Minted,hiring_only,1,0,2,2025-12-03
Click Therapeutics,hiring_only,1,0,2,2025-12-03
Leidos,hiring_only,1,0,2,2025-12-03
Experis,hiring_only,1,0,2,2025-12-03
Reynolds and Reynolds,hiring_only,1,0,2,2025-12-03
Aimic,hiring_only,1,0,2,2025-12-03
Merlin International,hiring_only,1,0,2,2025-12-03
Noble Federal Credit Union,hiring_only,1,0,2,2025-12-03
Pivotal Consulting,hiring_only,1,0,2,2025-12-03
City of Philadelphia,hiring_only,1,0,2,2025-12-03
Take-Two Interactive Software,hiring_only,1,0,2,2025-12-03
DATAPRISE,hiring_only,1,0,2,2025-12-03
Egnyte,hiring_only,1,0,2,2025-12-03
DeepSeas,hiring_only,1,0,2,2025-12-03
Flex Employee Services,hiring_only,1,0,2,2025-12-03
Abnormal,hiring_only,1,0,2,2025-12-03
BeyondTrust,hiring_only,1,0,2,2025-12-03
Bulletproof Solutions,hiring_only,1,0,2,2025-12-03
TotalCyber Consulting,hiring_only,1,0,2,2025-12-03
Tec-Tel,hiring_only,1,0,2,2025-12-03
Crowell & Moring,hiring_only,1,0,2,2025-12-03
Pax8,hiring_only,1,0,2,2025-12-03
Dropbox,hiring_only,1,0,2,2025-12-03
Pure Storage,hiring_only,1,0,2,2025-12-03
Acadia Healthcare,hiring_only,1,0,2,2025-12-03
The Sunrock Group,hiring_only,1,0,2,2025-12-03
Gartner,hiring_only,1,0,2,2025-12-03
UT Southwestern,hiring_only,1,0,2,2025-12-03
Vanguard,hiring_only,1,0,2,2025-12-03
T-Mobile USA,hiring_only,1,0,2,2025-12-03
Crusoe,hiring_only,1,0,2,2025-12-03
InMarket,hiring_only,1,0,2,2025-12-03
Palantir Technologies,hiring_only,1,0,2,2025-12-03
Aprio,hiring_only,1,0,2,2025-12-03
Maleda Tech,hiring_only,1,0,2,2025-12-03
Global Secure 3,hiring_only,1,0,2,2025-12-03
Sacramento County Probation Department,hiring_only,1,0,2,2025-12-03
Faith Group,hiring_only,1,0,2,2025-12-03
Ascera,hiring_only,1,0,2,2025-12-03
Astranis,hiring_only,1,0,2,2025-12-03
Kentech Consulting,hiring_only,1,0,2,2025-12-03
Changent,hiring_only,1,0,2,2025-12-03
Strategic Technology Partners,hiring_only,1,0,2,2025-12-03
Cotocus,hiring_only,1,0,2,2025-12-03
Authentic8,hiring_only,1,0,2,2025-12-03
f5,hiring_only,1,0,2,2025-12-03
Berkshire Hathaway Homestate Companies,hiring_only,1,0,2,2025-12-03
SMX,hiring_only,1,0,2,2025-12-03
Barrow Wise Consulting,hiring_only,1,0,2,2025-12-03
Prudent Technology,hiring_only,1,0,2,2025-12-03
Internet Archive,hiring_only,1,0,2,2025-12-03
STP,hiring_only,1,0,2,2025-12-03
Rackner,hiring_only,1,0,2,2025-12-03
Replit,hiring_only,1,0,2,2025-12-03
Lucid Motors,hiring_only,1,0,2,2025-12-03
Covenant,hiring_only,1,0,2,2025-12-03
Snapchat,hiring_only,1,0,2,2025-12-03
ProGuard Security Services,hiring_only,1,0,2,2025-12-03
Blackwood Associates,hiring_only,1,0,2,2025-12-03
Exlog Global,hiring_only,1,0,2,2025-12-03
Pfc Safeguards,hiring_only,1,0,2,2025-12-03
Four Seasons,hiring_only,1,0,2,2025-12-03
Rio Vista Security LP,hiring_only,1,0,2,2025-12-03
AMC Networks,hiring_only,1,0,2,2025-12-03
Carolina Panthers,hiring_only,1,0,2,2025-12-03
ZeroFox,hiring_only,1,0,2,2025-12-03
Group 1001,hiring_only,1,0,2,2025-12-03
Sony Electronics,hiring_only,1,0,2,2025-12-03
Aegis AI,hiring_only,1,0,2,2025-12-03
Elliptic,hiring_only,1,0,2,2025-12-03
M20 Associates,hiring_only,1,0,2,2025-12-03
VTG,hiring_only,1,0,2,2025-12-03
Strava,hiring_only,1,0,2,2025-12-03
FlexIT,hiring_only,1,0,2,2025-12-03
Versant Health,hiring_only,1,0,2,2025-12-03
S&P Global,hiring_only,1,0,2,2025-12-03
Govcio,hiring_only,1,0,2,2025-12-03
Edgewater Federal Solutions,hiring_only,1,0,2,2025-12-03
AAC,hiring_only,1,0,2,2025-12-03
Robinhood,hiring_only,1,0,2,2025-12-03
Delan Associates,hiring_only,1,0,2,2025-12-03
Sonoma Consulting,hiring_only,1,0,2,2025-12-03
PurpleBox,hiring_only,1,0,2,2025-12-03
Genoa Employment Solutions,hiring_only,1,0,2,2025-12-03
St Jardins,hiring_only,1,0,2,2025-12-03
XEye Security,hiring_only,1,0,2,2025-12-03
Armis,hiring_only,1,0,2,2025-12-03
Starside Security & Investigation,hiring_only,1,0,2,2025-12-03
Mican Technologies,hiring_only,1,0,2,2025-12-03
Rivian and VW Group Technology,hiring_only,1,0,2,2025-12-03
Asset Protection and Security,hiring_only,1,0,2,2025-12-03
PIER 39,hiring_only,1,0,2,2025-12-03
Cloud Security Services,hiring_only,1,0,2,2025-12-03
Global Guardian,hiring_only,1,0,2,2025-12-03
Keelson Strategic,hiring_only,1,0,2,2025-12-03
Saviynt,hiring_only,1,0,2,2025-12-03
Microsoft Security,talking_only,0,5,1,2025-12-03
Cisco Security,talking_only,0,2,1,2025-12-03
Check Point,talking_only,0,1,1,2025-12-03
